PC1	PC2	PC3	PC4	PC5
1	0.933660966362983	1.17341918921327	0.417664902017829	-0.421964111591277	0.341945786335262
2	-1.46361585508622	-0.500021386729982	-1.05300201993101	-1.15757045066578	1.14259183996013
3	0.0198993188379674	0.280291895852042	1.05351418189554	-0.350717420577363	-0.643696442977017
4	-0.533702051319125	0.989792465559447	-1.40477277534309	0.345247842189934	-0.663283279767672
5	0.684656602755559	-0.381262917593479	1.00048655757002	-1.08914438729762	-0.202287494524135
6	-2.0063779263385	-0.0650418958395185	0.699784710324209	0.131044703488541	-0.111328531565874
7	-0.94549974606723	0.43866405305843	-1.29854677263697	-0.306477634262397	0.298185819988901
8	-1.47730191705261	1.05086690746715	-1.66524465743392	0.315184944943517	0.738060227415811
9	0.493966444363623	-0.276662037743012	-1.06577078606031	-1.14901830090172	-1.11375513456487
10	-0.0594804850697231	1.15313811119449	-0.0527982879482912	0.268080324069349	-0.401815679340663
11	-0.0423731846925131	-0.254495002675769	-1.4665031926626	-1.30653093825319	0.0369311125713476
12	-1.03773531471626	-0.42496012510308	-0.972797043794066	-0.743073330202261	-0.432469653441364
13	0.341950994375545	0.0107076098152497	-0.82250653770679	-0.912043896686445	-0.76378397270761
14	-0.0745539404725754	0.307721924918599	-1.00091098161329	0.217784836975843	-0.481311119125497
15	-4.19101082284731	-0.0737527839885798	0.575458760052558	0.668731229581698	1.77657569835179
16	-1.06660221019952	-0.465137611078573	-1.00059158075115	-0.690117455579965	0.338950768350181
17	0.889132174474427	1.03617942964408	0.380902098170777	-0.401342110724798	-0.0151903539875822
18	0.672149082232048	0.0637979943874274	0.137723110214179	-0.896520574732663	-0.851768461865694
19	0.561599196712469	0.978452751012457	-0.976817730426336	-0.0500093765118196	0.267728592155181
20	-1.11827498629443	-0.281071209717301	-0.264739701855788	-0.177264671219088	-1.34779001161243
21	-0.438978174608622	-1.0713297933719	-0.43885590046831	-1.96181295646616	0.753998119907993
22	0.508216774826913	-0.119725969505023	-1.16733987441254	-1.07361776306686	-0.979079564556147
23	-1.20440495724114	-0.97634595695745	-0.701914903370983	-1.26414007143689	-0.0344129272414632
24	-0.496345318277291	-0.513173260042707	-0.403134811907322	-1.0143010705709	-0.484615167276511
25	-1.17505576657986	0.822623242553421	-1.22338999156278	0.201766523981491	0.235927321750028
26	1.34055338857698	1.34588885212006	0.505071375627079	-0.500867493609798	0.452718457172903
27	1.76907509199024	-1.3346625480247	-0.222363510159598	0.630126992510249	-0.0393336982905776
28	-0.309700802234277	-0.038746330567877	-0.689924570236142	-0.540590298860076	-0.922553874600687
29	0.610461655851364	0.0287792821336642	-0.213228427528312	-0.885306049494828	-0.606125321726873
30	-0.493685621207303	1.64692604314658	-0.230974356412752	0.773137999047438	-0.0140291142817571
31	-1.80347493953119	0.0473796266764468	0.555139448799338	0.367654006572522	-0.833173302026617
32	1.10420493701603	1.4655928515528	0.102449655483206	-0.397709921381238	0.679580698634898
33	-0.200641623493317	0.257489241721	0.280959948265069	-0.128400802747913	-1.17366453112161
34	0.253606131945391	-0.121014118239027	0.0176815783624933	-1.0654846767124	-0.280284870431054
35	0.0617141678558718	-0.237518874264585	-1.39824507113767	-1.1959438491845	-0.363167523796713
36	-1.29008582414274	2.17278566623736	-1.05076894313545	1.46220608646099	0.253070719895085
37	-0.13168207511625	0.264910853396539	-1.38334232603929	0.108905893766144	0.511947615100992
38	0.0205698705889	0.926551756292549	1.52812809584264	0.281680867872163	-0.652258058393517
39	0.143488618937631	0.306585279049008	1.25236223011874	-0.367262071939532	-0.562688034074393
40	-0.0796676890262327	0.617952195528634	0.659977301226488	-0.365899944613947	0.285024571449828
41	-1.82835660550065	0.0498242278196126	0.420642620406225	0.612116345631267	-1.52972923546968
42	-0.0504897214928032	-0.309096319197818	-1.30728517821507	-0.433101834228431	-0.46666703809387
43	-0.429822277353136	0.400303321579106	-1.7056477833645	-0.206779777807678	-0.532192475839345
44	-0.612344825561711	0.323118925376029	1.59584987046056	0.347029808460468	-1.4553967290914
45	-1.12066162168254	0.374215609696119	-0.233621152994543	-0.246419450298071	0.537217865225986
46	-0.593231828923124	1.05713141936302	-1.13435207878416	0.430855560376749	-0.67809926590086
47	1.08701486826519	0.054983578935216	0.555811901790951	-1.1320835016057	-0.668025066977984
48	0.997052920146214	-0.237965540207922	0.761711636186674	-1.68902042453177	0.446102893174006
49	0.462592623486312	0.148707783511108	1.56012617355213	-0.169685304856438	-0.348567663792002
50	-0.794170254858802	-0.249877059870485	-0.182314486987675	-0.61373814994086	-0.46120713283158
51	-2.04425797250222	0.949791355587438	-0.913726624923159	0.541518324368826	1.01161743014187
52	-0.534235511499024	-1.16348544996496	-1.35978066856531	-1.68806419491917	-0.462137840371156
53	-0.446066211157236	0.965038797137531	1.04488555384997	0.481638298445637	-0.604430992814976
54	-0.778815065903715	0.328851023627818	-0.705593074997889	0.922170510776582	-1.06407898309968
55	-0.0768430364485884	-0.28192940853651	-0.688934911072151	-1.19605701031498	-0.0620147065783512
56	0.695838034405418	2.27970474963535	0.780410317001138	0.48696392971221	1.02718796902703
57	-0.89149129901138	-0.252830484753834	1.04668134985807	-0.221653449367891	-1.07345546722419
58	-1.73358557365062	-1.5685095006865	2.60687103700549	-0.504724282249434	-1.94901236051023
59	-0.623140501609317	1.59117728218275	0.327518570797691	1.29753557863026	-0.277178250893235
60	0.73638150783546	0.988357344107495	0.0147581242253008	-0.375140968910122	-0.105377199596931
61	-2.43653474747326	0.572775961424286	1.2718118099785	1.7181155639415	-2.2191764777802
62	0.0350798326818022	1.62871296545636	0.358658295148118	0.557353308259463	-0.0212875645943984
63	-0.510132330832867	-0.619701049722348	-1.00201651592249	-0.826944653342365	-1.45421302540595
64	-0.793532613115801	0.435170123727351	-1.17907535248324	-0.559943988354048	0.831459349435649
65	-1.75933127625864	-1.41103202224752	-1.07028405716465	-1.69214491733799	0.756689438634587
66	-2.77583496790885	-3.53810038381458	0.0705042927622077	-2.65200043673753	1.48590080557509
67	-1.29408414940597	0.335153504572133	-0.0742378804377061	0.601112066208055	-1.68383198283668
68	-1.41282605482418	-0.026467390786495	1.00015134718028	-0.0510697405938007	-0.250308774240848
69	-0.998631934228171	-0.536129198116995	0.184800879416689	-0.766454923108906	-0.352924737404022
70	-0.642549710661862	-0.0249633705655075	-0.337004724316159	-0.109796215700223	-1.58789608592253
71	-1.76612523296462	-1.3264195269015	1.10730179582553	-0.530428025039808	-1.66754692272463
72	-1.7443427522275	-1.00024364100575	-0.511196622243414	-1.30960801809432	1.05731467424966
73	-1.96228683273617	-0.556224013677012	-1.10981818460488	-0.938121192896481	1.06859679377956
74	-0.728796177455379	0.674251587967441	-1.24989952243997	-0.0572392074545935	-0.105696919192816
75	-0.33998958626319	0.328438052864803	1.14599280630725	-0.628777910892725	0.815341719642752
76	1.11149421006268	1.63971771878043	0.425348768275713	-0.168668852773832	0.559247487972048
77	-1.79882954790806	-0.555073415808361	-0.108707267592131	-0.591150945955173	0.153207592158432
78	-0.744075695369108	1.56602237519608	0.286833606430008	0.801513906303064	0.214100195457986
79	-0.381196568026166	0.160234709730192	0.874993813384481	-0.986281562458137	1.3815922380328
80	-0.460017001611686	-3.38485590038001	-0.911240179668192	0.669111715563101	1.17013496839452
81	-0.643896140710787	-0.666445526618392	-0.529614218166745	-1.36432856578818	0.515103716779727
82	-1.50203002037268	0.0946481763041838	-0.259230402298671	0.348898497781716	-0.731665249633546
83	-0.450938755424394	0.633671745287145	-0.747294089556904	-0.369579489621979	0.437539169539164
84	-0.710885369219517	0.263975117003045	-1.04297066824892	-0.232252230845648	-0.397051126179896
85	-0.398619268137598	1.04449413619361	-0.738112590598367	0.341763246527527	-0.613708370747711
86	-0.322576519734901	0.723792524120171	-1.1241569518061	-0.126692772287459	-0.323423719078561
87	-0.584234438434574	1.62951798127865	-1.01347556700248	0.719935390613301	-0.0158262438147126
88	0.717630653154163	-1.33759189009085	-1.18469752766509	2.06419485699768	0.324978716270308
89	-0.49989399811062	0.91007118479061	-0.982856200635937	0.0844193628778483	-0.0426934594666976
90	-0.246415527891309	0.3394484579123	-0.515147698213667	0.373899547663644	-0.341498368526796
91	-0.717290869839919	0.360060925960565	1.65107564503114	0.0607241956882704	-0.322213792505957
92	-1.11735425849542	-0.794518421805577	-0.355732947391672	-0.526620525882273	-1.47201483310752
93	1.79471271421673	0.910616284373023	0.213781044698471	-1.11838049959862	0.391212832469018
94	0.0338603755665654	-0.0763273031297105	-2.1394654523561	-0.919528168695438	-0.0988668317974581
95	-0.260699872687311	0.722442704330875	-1.877248082575	-0.07441477036803	-0.683790319994766
96	0.179154840720646	0.661699050159184	-1.44517116619338	-0.383509864870121	-0.537168721773862
97	0.390633000875837	2.1888224805408	1.00362755909087	0.759695758870109	0.548873326658669
98	0.363835765912436	0.309649034324855	-0.622938513427141	-0.703731246101989	-0.536869061712654
99	0.537592158090718	0.462374204552716	-0.334134487448789	0.354039762675286	1.1136990936428
100	0.594267251578683	0.789064779064614	-0.316037027638271	-0.438412011687808	-0.304331796880716
101	0.719144027501401	0.391925168434624	-1.19684854202648	-0.875319187666619	-0.464930498201244
102	0.396859935921575	0.766015920845954	-0.6423215259588	-0.301037700240201	-0.379382959041804
103	-0.0344421633210043	0.431031442835223	-0.00210560509556609	-0.359536179030776	-0.477371227377324
104	-1.90631239460509	-1.07537499781815	0.0712231381658176	-0.641088154542708	-0.770500848224153
105	0.749430681526663	0.308608205347186	0.463582989929218	-0.209461851888012	0.0907777694204955
106	-0.102396115146302	0.527461727590911	-0.476043733290395	-0.118883848149939	-0.854471311108956
107	-1.26652346397298	0.596934609066379	-0.653115815755957	-0.134529500817347	0.895507936159239
108	-0.438257638506165	1.17997795391409	1.25162966577028	0.138415218457446	1.19642902052638
109	-0.445451780377255	-0.12008211070425	-0.204193196691294	-0.523027509929619	-0.865936843976268
110	0.709060415667599	-0.436618985900833	0.825722308784526	-1.70158900696315	0.626034846364778
111	-0.394426857188728	0.276650936948582	-0.645157081606868	-0.358892470309318	-0.49998049220463
112	-0.758901203556053	0.114161106760444	-0.668349794861715	-0.546610154163897	0.106705506336849
113	0.0841365732258051	-0.397656731013786	-0.289340122492009	-0.244222052232923	-1.25183672026496
114	-1.15422170680915	0.510068314108749	-1.367897570972	-0.118449415354068	0.249150924284474
115	-3.77565617399142	-0.729811148415092	2.41907110142253	0.642938699779279	0.472288497759547
116	-0.239565324720548	1.54996659691002	-1.16590985778281	0.510161789927662	-0.104869521665031
117	1.82088616352886	-0.591031933102398	0.240429087078887	0.750695415980921	0.371443896177594
118	-1.09155095638597	-7.40342893177052	-0.487472616761795	1.95873550377734	4.32337194212512
119	-0.0895228053401133	1.37587396365426	0.417624442405376	0.465349692277492	0.232134214216157
120	-1.64809047876111	1.2399082074873	-1.29935329179291	0.545077293235264	1.00384139507757
121	-1.06189609970656	-0.729514943417126	-0.597858940462783	0.855451700064751	0.497500295626084
122	-3.96665012949672	-2.77460538549512	1.11144987352383	-0.843890229499252	0.437068789812853
123	0.0473204074720002	0.151831743694368	-1.51494446062608	-0.597501634898599	-0.97994643013058
124	-1.64274288885265	0.292106523273566	0.0834091334262026	0.300594451782233	-0.279735051291522
125	-1.24008479590111	-0.771382221387651	-0.894163220385817	-1.11182553476818	0.65380097706965
126	-2.26958716677065	-0.00953062223978784	-0.96080333455882	-0.336720375387462	1.31775753712902
127	-0.757806841557347	-0.719992030267295	0.320276548743343	-0.546928946007507	0.342887041233774
128	0.591321733346661	1.30150364191908	0.497172953847934	-0.0134944881016202	0.0177819006194475
129	-2.30753535979463	-0.358921286895499	2.56412406283119	-0.111193882993388	1.26857108935151
130	0.189280326418572	-0.975346680065768	-0.291362960588939	-0.515553079568991	-1.3058488969923
131	0.455518849476573	-0.520021469576259	0.838342785481335	-0.944627775572147	-1.43529146717862
132	-0.54004234908229	-0.680626892474442	-0.263218079985067	-1.46017903204133	0.519615249032365
133	-0.936953674752299	0.0753350192348328	-0.319286524809969	-0.0681462227074431	-0.968891281529786
134	0.0434827726092223	0.750870996259715	-1.07570872201482	-0.175956058075912	-0.567168495298822
135	-1.07882964464825	0.3243104273952	-0.295466423320056	-0.0711791873596729	-0.168906572566918
136	-0.782364810945851	-0.623926487038276	1.94556595419824	-0.637059430383796	-0.663775251585716
137	-5.063216545144	-1.45876579084548	2.63834684161921	1.54685501805126	-2.72322962207302
138	0.229893541596073	-0.144982458957394	-0.664299788910956	-0.975939431271958	-0.715853721522055
139	-1.44454976153796	1.28173644748758	1.26645781773954	1.00104551957302	0.246028273680521
140	-1.25789192041619	0.279573173187376	0.064100473067693	1.61310825760841	-1.30420694545105
141	0.297920005690153	0.189016472874393	0.348691119765425	-1.24584442245431	1.11930660050837
142	-0.70673521003687	-0.75483788150197	-1.50064372408542	-1.23248976948095	-0.458476007644436
143	0.987528676133786	0.0906961102800904	-0.00404223146569971	-1.0904198137467	-0.641328727981862
144	-1.4106778708257	1.53039545814564	-1.72730263646267	0.425852897656022	1.61649342951051
145	0.412354153882479	1.1382950191693	-1.10128241657532	0.158626663864001	0.0635733024510027
146	-2.90451046282546	-0.604376266873114	0.64228495385842	0.400602095618613	0.0553551046351365
147	0.845983274844961	-0.279127026426659	0.714154768893731	-1.11745813382802	-0.784872613382888
148	-0.956404907736959	0.777333716183329	-1.12320779790728	0.117209528742437	0.0793038595102314
149	-0.419299107356864	-0.419294002166465	-0.0237835898200006	-0.564583714668127	-1.30157126195476
150	-0.819706485125654	-0.248570122724676	-0.126963193516133	0.0440327594082797	-1.81228612022956
151	-0.251109876550121	-0.668423197764499	-0.208825816405976	-0.0306407656217154	-0.533159237970347
152	1.06333887391295	0.595888401917482	0.729813731731349	-0.267707979684315	-0.0931913595196864
153	-0.267555351918367	1.45208925843482	-0.00365451276077269	0.477749373686925	0.186891104448307
154	-0.488908077427283	-0.159218449027973	-0.715096971727124	-0.398049630483924	-1.3334044846454
155	-0.0222456538637813	-0.61293052094728	-0.948228585734371	-0.186964726032956	-1.07689833047596
156	0.781636242153251	0.402472151255501	1.32286472321375	-0.506806756565573	-0.589931665734654
157	1.86708788188504	-0.228930207229924	1.19797976543622	-0.374127701883402	0.293439336195275
158	1.66698717561659	1.44955968020919	0.770837723151036	-0.20875865094809	0.849406619138993
159	0.12930229174037	0.33884419799794	0.0672554948241527	-0.778206158747282	0.488903485162422
160	-0.0159462972610607	0.707830941153392	0.290827172058405	0.0121660066541118	-0.7398432335933
161	-1.96298738758488	-0.493963344152993	0.0604321634041838	0.154464873319786	-0.731937859107295
162	-1.24852344482106	0.00129474328662432	-0.865489576753754	-0.0166455681303939	-0.640148412273132
163	-0.164820888673519	1.25685039144869	0.136172670772293	0.182693005380883	0.563160488535902
164	-0.0131859940337637	1.07806580776826	0.0766760630563545	0.231710897679068	-0.433963726801535
165	1.67561202562461	0.229097944587448	1.01528043047608	-1.31570612401344	-0.235298403313125
166	-1.53589492603563	0.628441879181794	-0.525385541801327	0.122023132208862	0.778514776553412
167	0.323975828200571	-0.431144773049171	-0.914967481146619	-0.947539946205464	-1.27057507973588
168	-0.627546958441864	1.55152518045658	0.98253236104797	1.01010010804584	-0.234689278500352
169	1.75069346650325	0.444624888766378	1.13906105493606	-0.0853141057720366	0.402276591931399
170	-1.24291282261978	-1.02888786289022	-0.714072036301191	-0.665431051466464	0.407554279588506
171	-1.50188907281591	-1.74733546894917	-0.758934518773854	-0.755766573086024	0.591464864152494
172	-0.658062487230538	0.0922669207919389	1.59466742821919	-0.173231550040873	-0.496267016807742
173	0.531484465284354	0.780092786179254	-0.488140685897335	0.493698111618086	0.0281307411770941
174	-1.02214516020334	0.0185682016650168	-1.35270354993363	-0.619928982533376	0.432263301440629
175	-3.07648776212262	-0.135500243347966	0.696378844964262	0.541215070540952	0.20532028573004
176	0.505832426720172	-0.501123400161616	0.290956637692285	-0.488409586841479	-1.13546244357391
177	-1.01797032836578	-0.717610891857215	-0.138124825295435	-0.844799636615615	0.603968592297456
178	0.249321367320723	-0.0596041419042575	-1.12405691482365	-0.856340407885771	-0.813788667938589
179	-0.0399257586476763	0.0728066232305895	-0.951458932862583	-0.708255425215506	-0.67972111956098
180	-1.05231615811202	0.0904838113679153	0.876842178379505	0.0438445737696729	-0.637373211733607
181	-1.71382462587625	0.504603038298239	0.309331635841543	0.872581799811994	-1.08756430206655
182	0.155247144444982	2.03496020013281	0.752311396218776	0.402165299003511	1.49062195912103
183	1.45637693180296	-0.62019332447343	0.631462771329874	-0.226264462026377	-0.10740696840245
184	0.753779340182889	-0.0250334792339747	-0.333834960379673	-0.978323093427481	-0.80269263614779
185	-0.261159171340871	-0.215895861804728	-1.78790888937202	-0.845708741503463	-0.688504571288449
186	2.03758612373299	-1.15838141203894	1.25002463260928	0.693497658187918	0.102414282575443
187	0.35085862940386	1.33116036371213	0.181695245824285	0.20777837699583	0.757502907789959
188	-0.962030386270848	-0.482874347704092	-0.268002172544505	-0.481497127006219	-0.916853993459666
189	-0.628188158952283	0.415210631756444	-0.81620994845747	0.135824795865842	-1.19233823064478
190	0.0473904878637381	0.575691129498968	-1.22765119825889	-0.37941445443922	0.340574285064683
191	-1.78707956229054	0.0965001909276037	2.19341784102527	0.606378403802238	-0.912658427869286
192	-1.86371251982311	-1.07697946182318	-0.41675465790066	-1.46800462107457	1.37468048902889
193	2.43451503629474	-3.77279868066286	-1.4238408082449	2.89341123427555	0.289226671071037
194	-1.3614516023094	1.11015461044193	-1.135049003091	0.424828063402892	0.572798341784821
195	-3.70498490330313	-0.310060963893928	0.922857752464025	1.18579909915257	-1.22224572465943
196	-0.251045194737819	-0.468257159229849	-0.423936168281776	-0.692128446036844	-1.45298616565136
197	-1.1542623154431	0.530501198387161	-1.05111412724144	0.282515473206032	-0.415039832335015
198	0.666121966306762	0.770795878953519	0.52093563584404	-0.468756336844757	-0.112051711419699
199	-0.422786280567068	0.127606207473683	-0.679600991154288	-0.844060402752088	0.533168894656601
200	-0.167132988579898	-0.296628119295864	-1.67112718208517	0.0567371804948759	-0.315308064405417
201	0.319469337123519	-0.0911710642931843	2.55273456293733	-0.586850639054789	-0.615123744282781
202	0.352081962309524	-3.39649367499914	-0.132300028449547	0.306690204907769	0.258219247556766
203	-0.376045309236811	-0.286205383873276	-0.742432733752986	-0.914738017769431	-0.18831512452008
204	0.00866551932850887	0.533273589216493	-0.431911428435345	-0.254925124581609	-0.293646880655252
205	0.60346921685603	2.08106017352805	-0.843902288787389	0.289583562993759	0.719449787838476
206	-3.73282804184908	-1.33255876231624	0.828106938820471	0.374273851415306	0.034041658490969
207	1.43373057211625	0.92506489068257	0.690574924772872	-0.797823288091353	0.698918219199129
208	-1.73355125927496	-1.12399666602293	-0.251561098993181	-1.14675601067255	0.505563721240305
209	-0.323613584285828	0.487488553205062	0.109018539523856	0.664346409986678	-0.821826420852539
210	-0.319806880951348	1.04888095698585	-1.84503397092864	0.490483204705072	-0.346669413661976
211	0.966051970711945	1.10416661301578	-0.538416325547164	-0.441048706010319	0.184844478732241
212	-2.52448813585309	-2.68991278402822	-0.436774670593374	-2.3727667847094	0.716781626267387
213	-0.270614276683443	0.877755894976625	-1.31021393928208	-0.574277714851364	1.49156136206662
214	0.522852234866497	-0.394894327463531	-0.286159930042897	-1.1959643518456	-0.479207007675011
215	-3.36263744086957	-1.4729009739965	0.121624437744381	-0.356248580027158	-0.198257715784528
216	0.602005217662217	0.101119224685077	-0.698394019420831	-0.885527237342645	-0.776939893119489
217	0.657542681674429	1.5412044950183	0.925362090482715	0.152744061639222	0.467706809065367
218	-1.3978836969638	-0.243619441012344	-0.61940228855964	-0.488532592207562	0.478872762399002
219	-2.15105314975445	-0.957020875765122	0.17556991859254	-0.729233622891267	1.681318370765
220	-0.328659790593355	1.24586216589592	-1.3897087124632	0.182871536903575	0.35879680185817
221	-0.190913855618054	-0.667218033241836	0.0400387505801576	-0.943396583643786	-0.610360248613844
222	-0.12126620433031	0.806871212774597	0.475571289923878	-0.0682467566991918	0.225249086349093
223	-1.8096256745823	0.000530488708360616	-0.46871139038469	-0.457851604195239	1.31921651801538
224	1.39138203909184	0.470035995529091	0.709894238429027	-1.0732257490446	0.0572104365370497
225	0.765237500705491	-0.151715482430839	0.493904792437551	-0.876214489991815	-0.134304177630896
226	0.763513102133874	1.6705289525508	0.854957543173357	-0.00599818794835724	0.830016571983522
227	0.319376066795739	0.602020648379447	-0.116493533826205	-0.451566061886898	-0.125605367103859
228	0.33534483499165	1.72636084930131	0.647779097987387	0.330522808921067	0.672019130730771
229	-0.197108796343808	1.37919553934202	-0.802781079559827	0.476621184090184	0.0453924798668656
230	-0.52804354799378	1.59863246263717	-1.04958823659702	0.746682925873085	-0.234852665093092
231	0.371548996108776	0.721635411222804	1.18503198778718	-0.195676432477065	-0.0898654518870874
232	0.518326226370257	0.224600654807193	-0.462863970557789	-0.599677627022934	-0.699413737196121
233	-1.04595311845839	-0.134152585186377	-1.15440273915089	-0.690142693234186	0.281586595391605
234	-0.377299541515058	0.748455056453044	-0.985218357128466	-0.136122860327913	-0.112890810243137
235	-0.125706333500526	0.65940835367913	-1.34389157964992	0.178521203310314	-0.576929667526866
236	0.0336995049283224	1.20997401347643	-1.99750885518507	0.0050502411465092	-0.149568535915687
237	-2.35826655295295	-0.274990356657747	-0.505403473063745	-0.381829308468373	1.03357774141504
238	0.299564071273996	1.71202950930541	0.477672018844588	0.331906016255373	0.658312889452472
239	-0.193222395742876	-0.198979954285923	-1.36201218825989	-1.08567557583828	0.0168500094715647
240	-0.364269777133598	-0.677758197935973	0.235707439595323	1.08858134293935	-1.30237215530609
241	1.02731141791426	2.32625782271932	-0.604691959471053	0.277284601140455	1.15137127398587
242	-0.0143059368849507	0.440928898560458	-0.761373090298995	-0.17988067126415	-0.287584441533385
243	1.57897159899432	-0.0664739887157819	0.322961272457921	-1.30319792447842	-0.106923884221605
244	-0.200009673948895	-0.0967707951475578	-0.0576674968292487	-0.140789238310574	0.00224706760059445
245	-0.848041237659571	-0.315207827210512	-0.372121287061272	-0.011859570564511	0.513293899740104
246	0.620010954570865	-0.502976129548372	-0.561467819394702	-0.84368199092385	-1.07357336339642
247	-1.94128243077073	-1.68756699708751	1.08987108483219	-1.67132523982185	1.51562533003122
248	-0.000574358988045143	0.408127273251453	0.509992832887333	0.127750903138482	0.717760770441944
249	-0.98860688233169	-1.22141249257308	-0.111405869318696	-1.07451753237573	-0.778922152761829
250	0.981235494501312	0.366667854495581	-0.578861935391473	0.0047560709004569	-0.00120468357697802
251	0.755331608490389	0.998353453225724	0.769673617293561	-0.179002900897402	-0.105522905872913
252	-1.64707161533996	0.896293233104193	-1.00595045383286	0.310414475050042	1.48946598748702
253	1.36348244046236	0.626033815484636	1.60008288386782	-1.02472554443666	0.546126820523362
254	0.490340415460809	0.493005495775413	-0.773339991875788	-0.666407066965058	-0.0430743808864197
255	0.781263998533639	-1.04762209574652	-1.13894450674678	0.123941723109665	-0.50528908238433
256	0.856622422719901	-0.117299507948263	0.292679031074726	-1.07927247470701	-0.623890772021159
257	0.834151167082337	0.166978645025282	0.624648661371349	-0.172971879224755	-0.44733738174289
258	1.16430848674464	0.714590774282339	-0.64135975673385	-0.411957653374735	0.169601677829543
259	0.627446873959758	-0.238793444627847	-0.173142973765239	-1.09998452084219	-0.0280748659373206
260	-2.30744051471392	0.340917002691802	0.476648958415433	1.25350868519132	-0.204280165985988
261	0.440938388785959	0.918605795970101	0.401181898349301	0.0305436448391146	0.257041631381832
262	-0.213459494717584	0.895107242647584	-0.978968694084367	0.0830911747885745	-0.347677282757259
263	-0.695848969306061	-0.0488732893567614	-0.545533207629172	-0.359765423208556	-0.923280439607638
264	-1.43837239075182	1.38469625443853	-1.38604940517367	0.631923940828653	1.81981330605491
265	-0.807853521268113	0.573056286297013	-0.902950843499215	0.0951713482010588	-0.470056603177971
266	-0.14810249308714	-0.75752074835076	-0.376471687676077	-0.756742864435703	-1.28615322743552
267	0.28182812378992	2.21694233829654	-0.321251650805852	0.734671221819234	0.636779203306241
268	1.42331718503926	0.208876341984627	0.507480200243912	-1.19698010231231	-0.337045790574747
269	-0.936860300839547	0.699488877210262	-1.55919273701592	-0.101823162281096	0.289193272527644
270	0.269032547484605	0.742670645407414	-0.118480942420157	-0.213347326106151	-0.264050477485157
271	-1.86220041764634	0.227201511066123	3.6661441499386e-05	0.642498924305755	-0.60885978353197
272	-0.219331067204669	-0.442069619816504	-0.480539362269768	-0.726854501990705	-1.15662874832325
273	1.04934635295415	-1.64953727474211	-0.440310972774075	0.338079847128022	-0.867723030403602
274	-1.13714737370785	-1.18774687519429	-0.32818787056526	-0.197265463373826	-1.03680353721814
275	0.0907608994662015	2.15920309507904	0.627867803476504	0.645210621252066	1.0864025395756
276	0.0456443859227422	0.766137254406805	-0.659002707819732	-0.0186557690079588	-0.54971508316746
277	-2.23059008521093	0.333267867658809	0.0296307360084143	0.941644680805448	-0.738097727621682
278	1.23300862254605	-0.405633132555281	0.239112117243702	-0.103845393830818	-0.342497311328086
279	-0.617818520718084	-3.00742735913422	0.273430136752949	0.358368635523102	0.96168199137606
280	-0.249426837502163	-1.2097951171248	0.255460969282445	0.105724439705066	-0.815984694344352
281	0.997674778472029	1.31137836068259	0.437807583691284	-0.309662714120853	1.03308522866317
282	-2.34362137014745	-1.12122000089585	-0.279352294385272	-0.195655373383202	-0.399503572033313
283	0.963429484571931	1.63517190997486	1.78200628223288	0.111951233258975	0.372374851131409
284	1.20583502399865	-0.085960180117451	0.113138747467737	-1.01099605095297	0.251098469020361
285	0.918219857021059	-0.671939387258391	-0.0994578658331683	-0.614355099351555	-0.625803783594078
286	-0.951947590995859	-1.1063463182425	0.696804524690332	0.73475028874988	-0.876215546377775
287	1.53668712021469	0.141087542730053	1.44559058306363	-1.15944764184432	0.140526316689966
288	-0.374682329594456	1.16248285051128	-0.861451818124398	0.459514142581334	-0.471782820399997
289	0.237708391677338	1.49662339020664	0.0615724636773605	0.676005988501516	0.686568822915669
290	1.37531195638019	-0.53124564467133	0.174801529136433	0.164350787320093	0.0849570822606732
291	0.715241025360498	0.136204508701958	1.28398521133691	-0.732130893384504	-0.599747930386807
292	-1.61845884396798	-1.46153238020215	-0.484253787827306	-1.71346900492504	1.02403627714347
293	-1.11917185898133	0.694457160202185	0.638337383410812	1.18436739835198	-1.22174561593312
294	0.473707579255549	-0.643831460451548	0.78423769980605	-1.07263042576424	-1.26368427393631
295	-0.983756992352471	0.978724366021648	-1.00659470163703	0.306541365453334	1.0106938662455
296	0.43566458000787	-0.048992247415584	-0.0322856160840576	-0.504456591023943	-0.924683786536267
297	0.04273453367066	0.428321529549838	-0.970845139474896	0.340629433491785	-0.544215801387856
298	-0.885958761087451	2.51249703848565	-1.76297723118981	1.51469589497009	0.865811388254563
299	-0.191984819141932	0.610942455195865	-0.900092313570136	0.289626258090137	0.121980028097164
300	-0.0607462160603587	-0.490259291588125	-1.32154247667155	-0.623252196569862	-0.376935599223946
301	1.65402819903194	1.0052720075015	1.06137463588688	-0.602104036880605	0.419304844341491
302	-1.46597646193072	0.651370966638503	-0.199727406891707	0.25555452220205	0.593329368334226
303	-0.0591007708743226	-0.0969309681736731	-0.596320344028637	-0.331828935984086	0.374103415497601
304	-0.635622008196148	-1.47657142082754	0.915224867876802	-0.0317540355826712	-0.876095189989097
305	-0.83509078100601	1.16811452157872	-1.46521948359241	0.554112250134521	-0.197884608331183
306	-0.128477472627167	-2.20080141111119	-0.632880761821822	0.107804501834254	0.997938020885075
307	-0.521746177883221	1.26261915538882	-1.23603614638391	0.450089269105115	-0.230710010828491
308	0.175149869374371	0.793047302353287	-0.1628022392915	-0.132444066925255	0.250822358792369
309	1.21508179762073	-0.709198794190677	-0.16649741039659	0.742061006542176	-0.128629353985061
310	-0.102554002112776	-1.13912147274479	-0.0963028511109323	0.530176950273722	0.868839000320697
311	0.385171359963243	-1.09134649617635	-0.210014601406659	-0.920305453915083	-1.64021950182366
312	0.587182405454878	0.353504836782789	0.0809617099380032	-0.294152317743684	-0.264513938080403
313	0.995205513161782	0.348232528336963	0.952298566482284	0.982068054999061	0.449784363102527
314	-0.665597220818237	0.842639428896577	0.411989255256155	0.18020280106525	0.173850537030641
315	0.240432513566343	1.04085575372075	1.02127074093485	0.358910838899291	-0.0569207154193445
316	1.87231330024521	0.327212555508065	1.43757600794609	-1.12913492638952	-0.00768566537309656
317	-0.503420988903769	1.88759185223933	0.208934755209205	1.07145463361045	-0.101903148544147
318	0.71715891472117	-0.307413216953105	-0.432752278098499	-1.19506916145394	-1.04929808416713
319	0.246820791174155	1.28176411080828	0.866737946461936	0.204071112861659	0.558356475478865
320	0.567947954306374	1.32641254387513	0.860597627194317	0.262295169673188	0.0729252001834021
321	-1.91494987406532	-1.62039718052396	0.427281543047721	-1.16331901922938	0.27413376516194
322	2.4064815321776	-2.40870819045272	0.106429689773456	3.07568982520583	0.840265779575957
323	-2.61190100465552	-0.386806809487851	0.443863548071694	0.760314559304849	-1.80325465282275
324	1.07001278758811	0.082402619255191	0.566438374974764	-0.758164684410332	-0.258776805802512
325	-1.79983109236977	1.09271891722323	0.166432279687147	2.05240202024655	-0.637837946401992
326	0.0288628353392219	1.02279055500488	-1.20309131791925	0.0381598533569895	0.18823570875853
327	-0.52750531759328	1.42533656614497	-1.26615063711214	0.398463921151537	0.359067297679747
328	1.00533904493865	0.593868172113582	0.378500810421088	-0.564833908329517	-0.212154390728836
329	-4.13218094218996	-0.896510802766754	0.504598749343476	0.659895463300482	0.0893872865318204
330	0.392120711903774	0.430847665865332	0.936746410797892	-0.939146735256451	1.10001908209215
331	-1.88017146194998	-0.338530224344029	-0.612710303094522	-0.344618866514359	1.15137859983131
332	-1.78421791503572	-0.552743872175834	2.4021357155115	0.0688693876084749	1.41908660923453
333	-1.85862073381069	-0.207884106612604	-0.248266328226996	-0.850834043244495	2.04485227908496
334	0.982482991751792	-0.0849772499497979	-0.939355735870782	-0.311675701662662	-0.309412878737338
335	-0.519711336288722	-0.801989838985487	-0.197538422050215	0.0250408801962869	1.31128886673666
336	-0.446028105749326	0.276857683152271	-0.94484265352709	-0.124310831626346	-0.938128930320541
337	1.51711569545641	-0.308929952691941	0.463463110897029	-1.67477308399249	-0.445022111024523
338	0.684485135039302	-1.08080508835601	1.59737511483448	-0.361116738732786	-0.880180333505616
339	-0.326689435805457	1.49167223520982	-1.7934034033022	1.46314759880097	1.04059859405597
340	-1.37379656659192	0.00378834631531474	-0.61482831786183	0.0113362387006232	-0.761297474004082
341	1.06958405551817	1.30040366601892	0.860737373170066	-0.13007238765512	0.573961791405428
342	1.42935158965139	-0.242159286905584	0.885720845940929	-0.368894481896963	-0.0240338745412771
343	-0.486850463276209	1.05545957635126	-0.578581362773862	0.485484280216256	-0.379835242471719
344	-0.257998985678751	0.612242538008437	0.509428042715033	0.559523597466851	-0.534052647474357
345	-0.109865942488457	0.689318430246444	-0.506660907340655	0.365272087353643	-0.0563693297929409
346	-1.51114680604357	0.798814213265122	-0.561518098558863	0.992677942017827	1.4955759343119
347	1.48186810993972	0.358336006742345	1.45518755473138	-0.740938162592529	0.106961393487499
348	1.36859097577674	-1.59581565176471	0.239701608393125	-0.332262776338199	-0.14235642311182
349	0.343196389497191	-0.830938060811637	-1.38159294315542	0.135341556709257	-0.97531251391703
350	2.77329933667579	-4.11967073723131	-1.57693595889067	3.79731558448947	0.75872269262448
351	0.0605758954690264	2.08759998196336	0.319004751201378	0.827089328953372	0.609210523922901
352	-0.0724931733168102	0.920375149367255	-0.257313796364084	0.383500910757525	-0.46005172645055
353	-0.444162881439932	1.04753855613109	0.446384395379684	0.332195053647161	-0.014595983542045
354	0.228253125187895	1.19732512960078	-0.825108672547241	0.92880241604707	0.211700877025212
355	0.183830260424263	0.888549289792778	-0.429727911819115	0.257195860400756	-0.296906500161469
356	0.209023307184844	0.151267068844973	0.503548311684274	-0.401674584302583	-0.769976458114396
357	0.776591604854462	1.30807376810362	-0.272903148155864	-0.240034440228816	0.181174605809133
358	0.165352131225381	-0.0942300546483792	-1.18422835933547	-0.280908685457956	-0.402225750822183
359	-0.563667693710508	-0.309171616258674	-0.248305665408936	-0.560195505473158	-0.0125459659827568
360	0.958172414820458	0.26580894486351	1.3422814136721	0.454556242738526	0.647753757706007
361	0.390407919153236	-0.848586547876565	-1.246662984141	-1.29049685262921	-0.204515026088431
362	1.10046103958505	-0.270381500832249	0.365953758472581	-0.773208939422646	-0.39520349048845
363	0.354539988146118	0.770364682889177	0.794296109532793	0.373253370335502	-0.332369169627851
364	-0.359883218953392	-0.622217369108445	0.0784756903707853	-0.841836950109816	0.102262477681827
365	-1.09216845199567	-0.943438019516846	-0.0847357266015904	-0.71151982885759	0.209994053810684
366	0.963312344913721	-0.294276762663524	-1.09396970477116	-1.14863311074088	-0.213144660329699
367	-0.363294534709052	0.492996253819582	-0.581221824723329	-0.333834329204111	-0.0986668703175914
368	1.16825028906015	-0.714099403512264	0.727529249478525	0.707617509315234	-0.0341905415567053
369	-1.22924641364829	0.353721635378303	1.69646535453914	0.107620381796954	0.328761738477675
370	1.06144695225996	0.231692152886249	-0.151320626794573	-0.597642905379588	0.230157205141447
371	-0.577813840223967	-0.146996648080903	0.335808161265054	-0.678249498162417	0.992148425441027
372	-0.359416429140612	0.835325620659445	0.349276800923921	0.421927675962874	-0.798342968145215
373	1.1355888525168	-0.612335763765312	0.421818756193558	0.826071103389492	-0.186069870516746
374	-6.02094309649662	-3.79660182879999	1.60154459654875	-2.25818770767483	4.22944697215371
375	-1.01625326889021	-0.0904471945330823	1.08932195842502	0.141084091048135	-0.426750966718957
376	0.543228444629421	1.38338684692956	1.39768914281755	0.122578474923175	0.485396414218826
377	-0.660913012600151	-0.117258596374044	1.32418789381784	0.167764518091064	-1.22838196581278
378	-1.86918431891846	-1.38839528448703	-0.145253946485618	-0.955455401287992	0.585477996995346
379	1.07238619242163	0.0203051604314541	0.784931237400053	-1.0633152872282	-0.172922387860526
380	0.0535721384644473	-0.59099767221789	-0.017169281135983	-0.521963678039993	-0.992402233839453
381	1.20318643700575	1.31551701865225	0.869657322626767	-0.155675896245636	0.414626431651549
382	0.682150618206536	0.00105467169517742	-0.863033819838043	-0.923836900559021	-0.757395131475369
383	-1.0308300852895	0.721854299339206	-0.874521772556314	0.487468883083845	1.15850373951735
384	1.38969317700258	-0.580746187320101	0.548703701426831	-1.34370111471208	-0.304766255415674
385	-0.201755818360377	0.630203872800056	-0.146547727587572	0.60205338490452	-0.641763744677842
386	-0.0894542425564173	-0.103277950096147	-1.02097150278671	-0.242075526107779	-0.618230272494423
387	-0.100725951342822	0.438610959654672	-0.361806546719488	2.00824028330075	0.711559356072143
388	-1.39185298438188	0.591423571186304	-0.636077569846681	1.06684186820535	-0.321462739760147
389	-1.70374154634729	-0.949510817133833	1.00733195128404	-0.168485568255845	-0.478101765750136
390	-1.50926170320556	0.319873533845301	1.44506173247613	1.18085147236544	-1.83405300922159
391	2.44448293143957	-3.29477915135712	-0.896508823683006	1.99220424468023	0.121031376588926
392	-0.405745960699859	-1.45425394976339	-0.290048714432456	0.485636314445019	0.206542298867628
393	0.524706578777545	-0.321287174418208	0.148715106619591	0.361070438781077	-0.412887592398233
394	-1.10421410922448	1.11656791109795	0.0791521523544683	0.656627032424672	0.454036865138979
395	0.824441033608187	0.555772587793826	0.549110101892861	-0.225240340930145	-0.00281631093616208
396	1.46319485013989	-0.0290030796799441	0.945182980265547	-1.41023814930957	-0.0397307240306224
397	-1.01157093032503	1.5080154085117	-1.5987547469892	0.964237605890187	0.539495089191139
398	1.58306439140576	0.949795260794419	0.546313824865244	-0.449415465611117	0.723631420788089
399	0.563537976976733	1.19357205986936	-0.411312809032765	0.156020156187121	0.123764475723259
400	0.989920954332325	-1.23838589953107	-0.345995227900995	0.148181948387556	-0.264071173537939
401	-0.331751588331949	-0.335979836137596	1.83873456065386	-0.0844138990411588	-1.76771481152115
402	-0.0169341534133733	0.686869334287104	0.636440082505131	-0.571274137543884	1.61175292285005
403	0.797215004306597	0.539935425065317	0.739723718978287	-0.176153968731379	1.01635202060675
404	-0.413221477442605	1.92485535424879	-1.16847384163351	1.68958554944451	0.410163382386363
405	0.318463369070567	1.03365558396314	1.49624650094082	0.143239371566004	-0.143566175316148
406	-0.809474769381131	-0.101098704387123	0.494973209385709	0.218214033296956	-0.158462597359252
407	1.91763155731914	-2.575045930191	-1.21981635376424	2.35743156141818	0.250254954896866
408	1.06622318451652	0.278620945903116	0.382721948029808	-0.997497052473003	0.296004644486016
409	1.64916741734119	-1.16950035185798	0.386095202086437	-1.63350897214297	-1.01745249170744
410	1.12969990497742	0.212432525243482	0.461913012641904	-0.908308099558494	1.12895589722635
411	-0.885823219661041	0.291316403019052	-1.64864964955793	-0.176567068547515	0.103216904052854
412	1.02128388859483	0.712138556252575	-0.581301813342665	-0.663703979550661	-0.0534758986090036
413	-0.243807335589555	-0.566674458831099	-0.506145952071193	-1.23690658671961	0.144944974159344
414	1.13874059959822	-1.41403201601566	-1.19588830999795	1.06169871116899	0.233774131819805
415	0.548068451960495	0.179388483983715	1.46326319384775	0.0459196670565289	-0.430497985308238
416	0.950632613796778	1.24681204605799	0.617657157809351	0.0470728602502931	0.551373181486633
417	0.291126189410088	1.01613209285772	0.900300527019174	0.512014493030462	0.574240398811266
418	-0.519275283167029	-0.479123245068104	1.64599357326877	-0.448153362863744	-0.528208261443003
419	-3.15410432413422	0.0144605188653259	-0.341828408953419	-0.886809026278082	4.53951387848058
420	0.33996690471099	0.200699938973874	1.01098677125505	0.256416295662625	-0.182827688919229
421	0.0924887897672833	-0.850597039608146	0.0563106200964905	-1.00302408487789	0.289626960116978
422	-1.33508156175295	0.257187055216123	-0.797030666280916	0.369891314533566	-0.172318039100303
423	0.583241311197425	0.896745696928254	0.435687081505924	-0.477060111921948	0.684420938249599
424	-0.686128740716694	1.49131336934807	-1.177147365273	0.868159334582317	-0.0896540142606858
425	2.2753957401145	-1.71074186784845	0.533997093371069	0.0510013112632655	0.378696858018019
426	-0.268348128113735	-1.38755718368409	-0.60468404283324	0.491289118495879	-0.923856211683637
427	0.315213624901934	1.09547450109524	-0.0672210197189365	-0.0804613308799192	0.26331638033847
428	2.54218094322707	-1.06701719421609	0.643375449177155	1.70687257137692	1.03192771500997
429	-1.03004439793785	-0.279357098063408	0.901024190355006	1.80119404880805	-0.914150748491458
430	0.246049371115123	-0.350477104914021	-0.856758413772619	-0.349511188893267	0.253194807257134
431	1.42435508514396	0.352991943341023	0.598080038458898	-0.683364723893793	0.191065205945155
432	-0.88483090063677	1.47324666692837	-0.524048958214551	1.09436511478081	-0.51845990285367
433	-0.382190116915403	-1.10145701772297	-1.65473822621658	-0.33094175613301	-0.264783123680531
434	-0.544965757980308	-0.580235195769662	-0.00534660353518119	-0.344438113102551	1.23498802760252
435	0.54248324830357	1.20606999911424	0.0736326480206467	-0.325522844614324	1.70734491909624
436	-1.31104151055618	-0.809150610584664	0.173042127172564	0.0920500514646204	-0.934116705294645
437	1.14752862176387	0.706118215379029	0.339492362922674	-0.0366792584350672	0.172235917189959
438	1.90027310114816	-1.07060387191162	0.991406565374263	0.578340265722592	0.552235427117176
439	0.763911677667338	0.857719510267902	-0.0393551004631565	-0.36466430502546	-0.139092577664705
440	-0.926902434975841	1.0788803961273	-0.311927087525181	0.778614236996007	-0.114924705319325
441	0.773159892276317	0.309012888047622	0.38190395903804	0.187191136639277	0.803504606633896
442	-0.132025984556959	0.640381320899927	0.571274055446477	0.257117487683611	-0.808227680950131
443	0.463971106522432	-0.526224822443881	0.162398202713347	0.866711818795272	-0.634158079381719
444	0.421176873875186	0.948239245563761	-0.387358084582831	-0.219945443254585	-0.267415072341134
445	-0.517201397197553	0.466997951839205	0.806392701454539	-0.538677304179109	1.61362360087179
446	0.983284980703614	1.49644783075898	-0.392751855588963	-0.211954758867527	0.470996121241727
447	0.841312719502062	-0.101081198223953	-0.908030144618073	-0.547951128259385	-0.264568736507873
448	0.731602992912947	0.44597747953346	-1.18183729489464	-0.669463782595591	-0.348376008614324
449	-6.30814148069238	-2.51071314461725	2.79453030151878	0.090007820663102	1.20569399772821
450	0.870478741151428	-1.85991704051955	-0.083490238535529	0.501864567940633	-0.047140397335904
451	0.777331149145987	-0.765465573872906	0.220338084346692	-2.05363327700054	0.452529270217693
452	1.71906765404631	-1.30292966336372	0.161444369417139	0.633955328687356	-0.111439295941617
453	0.666866916651905	-0.745342579713322	-0.547952227881201	-0.428379874018132	-0.735360440467043
454	0.615923927628385	0.298429980304107	0.487425283014377	-0.595316415217349	-0.703801874348612
455	1.7743411908899	-2.05369768850533	0.0619295177057336	1.62205984856262	-0.0516978167665123
456	0.358185410795221	0.0565271858959481	-0.622745963299785	-0.544843872672911	-0.608996162616854
457	1.7131332227252	-0.860751274530186	0.112850686346363	-1.07908504625719	-0.0275057651184167
458	1.26522269514131	0.421745525246001	0.38145379542515	-0.233943098810643	1.09313403493502
459	0.0500037035944629	0.416107109046546	-1.20614234589213	-0.201068006371471	-0.462987774004309
460	-0.721980887423087	0.396415941227922	-1.43657975980929	0.236799366013769	-0.894288415254917
461	-0.175551833790662	0.690563522074012	-0.789693445722275	0.871004580097216	-0.137522702660705
462	1.34030470217236	0.165989858568825	-0.256231684808608	-0.283436340641714	0.0308032856737592
463	-1.8541662560849	-0.486142507399825	-1.1646731916338	-0.631239920331053	1.05550824005784
464	1.26286912704928	-0.0156975121150142	-0.0413783033149214	0.622474092277988	0.466271326358763
465	1.14435743800033	0.318360945773945	1.49916231921073	-0.807959984875326	-0.217718590160147
466	0.277198950532523	0.769430941543473	1.44293416784812	0.180299851797144	-0.0273204025382763
467	0.462078252016985	0.622171860811788	-0.919822692710007	-0.0318996906862828	-0.259213375973041
468	2.07281638801145	-2.11802746428692	0.410001860547261	-0.681860510601621	-0.0013142073167795
469	0.644288817975946	-0.751584965564917	-0.200464282244	-0.915078892639545	-0.465164330526799
470	-1.06814443629863	1.44152181759583	-0.521841532016191	0.623754042249529	0.978177151259688
471	1.16429607703351	-0.129235773305354	-0.386409810807082	0.0582646861088313	0.415496758007514
472	2.11791658153228	-1.46680395409799	-0.173729585576403	-0.298657122220384	-0.196220315509422
473	-0.113935173076158	0.676413176795064	-0.985483549111083	0.0628387838047564	-0.386691003861653
474	-0.711348625712135	0.222425061236139	-0.899474120013134	-0.295764349839056	0.328791995191933
475	1.16001082449962	-1.47929737465248	0.698884108169004	-0.00756260882073627	0.0808716820294676
476	0.207765777774516	-0.46732591657953	-1.77411046434203	-0.316996976587308	-1.02470618098019
477	-0.569094291029712	0.776205562389683	0.320053538239281	0.10684349573051	-0.0629429305242907
478	-0.508469565261747	0.720200826020948	0.537430392224614	0.989667771118623	0.0116639306532171
479	-2.71438025379725	-1.66275515733062	3.44179831801242	0.808657200728975	-1.853918441059
480	-0.380722222753657	1.52579948635757	-0.8815237688158	0.70672406635618	-0.190759087852321
481	0.119769821768609	1.37881019951399	-0.595669024775224	0.891462951806594	1.22765256810501
482	0.457318662803099	1.31931604249921	1.28202069603746	0.860286621446358	0.951083629879141
483	0.249367424970777	-0.874896374773906	-0.421667989189618	0.291120198421013	-0.609082665836176
484	-0.799923714586723	0.0210994259012157	-0.468196525794973	-0.2757014525613	0.89722413281028
485	0.411187724608326	0.925634253775491	-0.251398270522418	0.491214661554718	0.237880208866168
486	1.44963593505366	-1.61948187027329	-1.07161563630388	-0.0457847752625106	-0.598463750757193
487	-0.24171469784725	-1.00161703169589	-0.120927067551748	-0.0360414854841004	-0.446313997759228
488	-0.0838276707065745	0.823734685717476	-0.148551207691992	0.50642730712088	-0.484609722750556
489	1.27699158703754	0.991537162227917	0.184136939031762	-0.7836405721272	0.677544994829758
490	0.59619426556905	-1.7719315558589	-0.00527012107668508	1.62699136877111	0.471491115580977
491	1.51589610430574	1.48989058648496	0.619689151832756	-0.396787854579025	0.694021277967886
492	-1.2255273352784	0.56358112193396	-0.946838048268136	0.263364029267486	0.050785937107016
493	1.23823843998011	0.805803531245063	-0.588698596338515	-0.916661629704032	0.0713248207303113
494	0.859696653975125	0.499201714341086	0.419429752530618	-0.706578090430947	0.0882617264223751
495	1.09094897112793	1.1735197889442	0.101247133653938	-0.329954197254159	0.282132109544605
496	1.7160717041565	-0.8625234887609	0.423333018391657	-0.249534159136149	-0.268167934452752
497	1.51908834180633	-0.88209031725387	0.56373224912192	-1.00042881297413	-0.222327755107308
498	0.602744818049297	-2.87184934954946	-0.340517153550168	2.86087630102457	0.175982352608852
499	-0.727912947183631	0.412330655462289	0.137052368394559	-0.141399140347989	0.603208052593584
500	0.0831973307796746	-1.38902420760716	-0.805902264415988	0.854624664062137	-0.736282476068503
501	1.80498644612631	-1.56496390622184	1.28560826191071	0.65876779935777	1.26995498412085
502	0.120704666596885	0.161921486647305	0.572374235572318	-0.91915646348617	0.798038629494901
503	-0.463785816016004	0.370625061307135	-1.18218641651059	0.276824075698867	-0.980076179520035
504	0.954245432930503	0.620589036876126	0.58171254612131	0.231695574130171	0.310082202730879
505	-0.0361162965733532	0.87737898195987	-0.77008025967775	0.24949340220553	-0.175458396023957
506	2.24158671463344	-1.08404313644928	-0.085437088650218	2.60442431891462	1.22677727080667
507	0.9711376030316	-0.888947763204074	0.896483465864355	-0.000111282748713207	-0.582178197464415
508	2.12773110538228	-1.12190235257114	-0.3723436307628	0.352411464636185	0.269548890776055
509	2.69976184608568	-1.38413572220152	0.918884164376903	-0.310898102907607	0.433261168624617
510	1.18709062787791	1.64366770014538	0.084328613910773	-0.076991145208703	0.702220116790061
511	0.843756702489957	1.21215114051468	0.0610269645294557	-0.23039453995087	0.410461364316828
512	-1.57905007984257	0.336387004869452	0.0177633496495755	0.512573159017244	0.413250154526266
513	-0.280222777694833	-0.808515399590439	-0.183724289540167	0.137656789653023	-0.302101256592962
514	1.68242136377476	-0.964227604075693	0.573689192909948	-0.516633119633446	-0.471621924439243
515	0.46870412072048	0.317689458152642	2.28181857047524	1.30811684107389	-0.03433350844463
516	-1.01549888852543	-0.14441596597833	0.170968465389559	0.114899676717076	-0.0818762176175465
517	1.444196039067	-0.759470656285136	0.45381808783601	-0.742984940286675	0.422610835161674
518	0.489627540698846	0.443211236174978	0.595051142842442	0.462711855568541	0.196870754628697
519	0.389031052868482	0.604346427973995	0.315361833174326	-0.286340792242611	-0.58650909403905
520	1.49348356912603	0.786151493153925	1.08887891272131	0.0623951044728194	0.434416020898709
521	1.90763919577	-1.73788598757546	0.181152433840456	1.26812841960411	0.590953431880419
522	1.33082897881394	1.06719726517709	0.637183586543783	-0.0317931186575552	0.468782296505706
523	0.691019490312679	0.503022786190765	1.21053971859875	-0.619140364496081	0.413631175358842
524	0.875760843940942	1.60564894124412	0.86290127450646	0.727491540812895	0.646537957354674
525	1.32991542527564	1.3202004707865	0.521176732043185	-0.201719962541372	0.546178117132086
526	1.39011201544091	-1.84737948232135	0.00806461718297311	0.19894540748229	-0.279504547904294
527	0.735577237316306	-1.51249409074905	-0.380886551323423	0.612387672929536	0.104006677924071
528	0.210159409103174	1.16658049318412	-0.238112705495447	0.632926259773332	1.04415195713911
529	0.499791643320279	-0.440137997167678	-1.30805349141936	-0.840290837791789	0.0140306237701457
530	1.507114189881	-1.70163370543668	-1.17152703322564	0.0364163053191188	-0.549116514667603
531	0.889057917631558	-1.03188258120035	0.645221178211831	-0.115502297087575	0.0564536131360973
532	-0.158741120907822	0.337094844412505	0.0486682891192506	-0.109039368025623	-0.797799084925445
533	0.532020816860249	1.04744824419044	0.311971838311528	0.405959778477782	0.818968914162098
534	0.319921675058354	-1.18781085130388	-0.789465080853297	-0.186901149331279	-0.588989969902498
535	0.381877746036073	0.920041199200521	0.368565028536135	0.0364137362898591	1.00761598955632
536	-0.351456935871341	0.64355572165443	-1.45095127788731	-0.0650823604847096	-0.321527958767436
537	0.53747054421028	0.881404515163529	0.555758891628332	-0.183157795031979	0.212066146230209
538	0.494278793553101	0.678669936665707	1.20885103314191	0.516227871781091	-0.000508078388821442
539	1.09428533807225	-1.15423738386172	-0.743937089875735	-0.530861837138423	-0.615262275158227
540	0.0268297303832667	-0.385573070019026	2.01038235720696	0.373797648713294	-1.34643838070483
541	-4.1205859280144	-1.38085590723474	0.87739014542154	-1.36788512206757	4.01647103996721
542	1.27282250452924	1.26764264766071	0.337945989014657	-0.423855944882576	0.409725444083668
543	0.833530550595158	1.96491945406824	0.146722636738246	0.377285507614615	0.751920043146796
544	-0.127675064782246	-1.67994644258998	-0.589364058300423	0.566917615024739	0.12190441414313
545	-0.448005964270289	-0.290217949437649	0.730515492575144	0.977430155501144	0.303344856150744
546	1.48567743236643	-1.66159245707266	-0.544706612367287	1.79134967462466	0.0613213133698335
547	0.501223736024244	0.513623228295588	-1.14050146055349	0.339701496328139	0.154526390961812
548	0.917739372327955	0.859050391451427	0.607318244720365	-0.699881444718512	0.825344144432894
549	-0.0406322672194142	0.21470899291533	-1.25747732158936	0.429154516052822	-0.649315888449321
550	-3.23879635555178	-0.788459454297981	1.69720571324457	0.864863503984424	-0.526502503336838
551	0.27575978608857	-2.48466975552575	0.0140578679529807	0.448690646204632	-1.93534667560334
552	0.623596583759614	-0.423846877740929	0.426990154391587	0.499731531201071	-0.630949975097705
553	-0.723549257863457	0.849101355001462	0.871253101065009	1.68107112872635	-0.394988884419027
554	-0.847703020554968	0.838935342072272	-1.29348519039976	0.812885097764055	-0.824930782646522
555	0.861125747581395	1.14629252039012	-0.378431906986166	0.333332072885161	0.404808019567944
556	0.909504655423245	0.994139491827561	-0.276277770078383	-0.0126144882383037	0.744248867627121
557	-2.11282434799459	-0.176795437985604	4.3783815548942	1.68643037796891	-1.43783283388487
558	0.425413051765238	-0.47011921219024	-1.06190392629771	-0.25087467939126	-0.652966711372467
559	-2.55613300015245	-1.55496299847518	0.684237419225388	-0.653251951716978	-0.569925022278271
560	1.80852754727441	0.737940364458472	0.454153921061503	-1.29421952228594	0.47744984722862
561	0.210360611591831	-0.266329521920126	-0.834317770101225	1.1482899776786	-0.466297364799702
562	1.15151948351717	0.226227011774936	-0.284314942451518	-0.74781674328393	-0.269018948537614
563	1.57860707093678	-0.590687173991208	0.250071924975466	0.498111201170174	0.339581805442108
564	-0.949326298329261	-1.74959448206651	0.600602618519112	-0.246282295291405	0.79656472874574
565	0.4199613033542	-0.806154133290951	-0.546005573626513	-0.343509739569933	-0.669015432103469
566	-0.967270352057951	0.418148519657371	0.208272043588564	0.263525672587199	-0.228242902426632
567	-0.584141935517293	0.651711481336556	-1.03709413692242	0.384049310860228	0.144966380304977
568	1.81420592789036	0.193521582339357	0.753334115004764	-1.30724314326741	-0.104629124175721
569	0.956966656802479	1.06284286234857	1.79491245558641	-0.0224155604321202	0.546527132389116
570	-0.465310595275911	0.759852073682181	-0.765517840427946	0.539875725483356	-0.468640018304383
571	-0.898044509912778	-1.12328275135823	-0.553485715239126	-0.958060490665136	0.501810132571842
572	0.89394979096339	0.699191692787773	0.402703660298367	0.524475074120021	0.176029399794224
573	2.0415292122052	-2.36309796406962	-1.49262097438271	1.54494149421803	0.175549107702045
574	0.69397206393262	1.15429104635087	-0.711407655050864	0.833810730842792	0.513322146857439
575	1.17658300744737	1.31589074255572	0.835052277187684	0.376487180627001	0.606491354221312
576	1.31629212860979	-1.24797995989635	-0.219132220540417	0.28727877092433	-0.231252135839126
577	1.10598157664241	-1.26925890863224	-1.63594810331153	-0.0886826107174766	-0.639942356710972
578	-0.0925269103823481	1.6968147529355	0.330310619490262	1.01940712792771	0.35921215910353
579	1.21466733706328	0.483780419798437	0.579853512162557	0.641762873530309	0.347319303118863
580	0.834909647522578	0.158951367842362	-0.0908726679609283	0.0352951595718391	-0.0131503064319373
581	2.18017216956355	-0.567397439318356	0.159428293580126	-0.636060180184826	0.403708660363648
582	1.36477060164035	0.94023183544245	0.0677077931669874	-0.742793179166068	0.489418804720546
583	1.61920400966075	-1.46266910899651	-0.522426090540319	1.15640445521826	0.0192189411958389
584	0.205761252986759	-1.55432859114957	1.16691674631757	-0.345074709743877	0.925548126883667
585	1.08766309756379	0.145501042851388	-0.238083762213349	-1.18171449118419	-0.538033241278851
586	-1.21527266759265	0.921560288703499	0.134381413445265	0.622575512333238	-0.0197061529020383
587	3.10659034877076	-2.28238860628438	0.614797244189252	0.540375318757323	0.409997151376729
588	-0.192507183493448	1.0540402962287	1.34052300128483	0.401361465270348	0.10339261693927
589	1.1135512474403	1.16928043055604	1.16761559447875	-0.0866521398572641	0.25591243604727
590	0.0603855908779763	1.61753598293917	-0.199656076555744	0.781034211951032	0.153176333975255
591	0.573694295063381	0.8116308381108	2.1586432245214	0.0520619909939738	-0.172874298961506
592	-0.423989585892119	-0.713893362589569	-0.629943887849051	-0.412713443193758	-0.791362175689937
593	-1.28464470592254	0.124710930793101	0.657527900185919	0.402680430764361	0.152776698931131
594	1.46741570053817	-1.18919317630434	0.637628596383021	1.09930359172603	0.128575960696208
595	1.60610919498016	1.0007540052623	0.153222624427098	0.788527122186675	1.30450887154293
596	0.0409627748018849	0.101471670946753	-1.06365768847928	-0.360582391730513	-0.976274595225457
597	0.933918739457742	1.23475730209741	0.109802446188813	-0.387014547037042	0.690722548477767
598	-0.952970130772875	1.13094423631157	-1.01277602741251	1.31071294282774	-0.601081803310898
599	2.16283439201519	-2.8106893837751	-1.23062721525317	0.611401583397587	-0.356083940229905
600	-0.815455617556308	0.0311488651125825	1.01092387884953	-0.530294701047471	1.65367673814409
601	0.936982835048639	0.575996205925475	0.795370993255048	-0.224251165911077	0.59422884621227
602	-0.355825322111344	2.1163684909501	-0.744810869536153	1.64406312347243	0.745804038312824
603	1.87617324018637	-0.606945259630177	0.031373535185631	-0.591203430093882	-0.091299133924364
604	0.720711226848211	-0.571929684755613	-0.196562441632698	1.54268461926871	0.124516197803086
605	-0.600718355073552	-0.389861950691926	1.21771395654303	0.346000280916838	-0.181424201947707
606	-2.01865567705487	0.431549117000788	-0.517656775456465	0.370592673732227	0.120959703174499
607	0.82599869742502	-0.198041413992964	0.882872094015068	-0.920724713606284	-0.176732021277774
608	0.349303259923574	0.729000212080246	-0.104835534825053	-0.202693602541144	-0.467559034615489
609	1.89703387166557	0.388660944015585	1.60902259918318	-1.05057471359005	0.0524429554101585
610	0.51818022194468	0.855407758322307	2.36142593435605	0.425352436350573	-0.0750046963744329
611	2.74051777524776	-0.436483988855205	0.724866407229078	0.57630992253656	1.06152542804909
612	0.473167399830168	1.19264193316421	1.35924614962153	0.874483239194944	0.36717514648332
613	1.43810744435552	-1.23568851128075	1.20031595048504	-1.04661176491061	0.748943062947719
614	0.088620798067289	0.252156758821337	-0.709887646361728	-0.36278189246603	-0.379767905528372
615	0.393639728081451	0.0112870624699375	0.682145676938391	-0.367481998946846	-0.966185833412239
616	0.159984577464565	1.11768186397304	-0.325528925796896	0.274112641767722	0.0582340001033574
617	0.36894593400324	-0.0639391907084947	1.11886837753118	1.36816048813726	-0.400525592329234
618	-1.44387283755575	0.229953809266441	1.07696971745451	0.718219837141473	-1.17035648417985
619	-1.4114385466543	-0.550423478100555	1.12559246692869	0.686793917665282	-1.56311018444086
620	0.234272134491998	1.4476324949393	0.72136510935686	0.528178425972254	0.251866461088011
621	0.38526776654811	0.617370743606538	0.331610613199196	0.104124591189161	-0.168205223720432
622	1.49549741914084	0.918982575421225	0.874555026856558	-0.109702753084771	0.728023115904861
623	1.54329634873053	-0.332150212119562	0.742449358232477	-0.688357037165472	-0.348713828891375
624	-0.344827114516686	0.677830477058256	-0.279701326224269	0.407001392263605	-0.792015181821543
625	1.81642646339186	0.0551690816320167	0.498101704710652	-1.03922370444175	-0.0357665667565759
626	-0.187519326412809	0.704662793973208	1.22544157320691	0.520470949852744	-0.537552384218119
627	-0.235656261132026	0.142229481025163	0.608748567000793	-0.0842149770577205	-0.231410874308502
628	-0.175934071505609	0.906897519127308	-0.00221818010346084	0.300924401977753	-0.0884007768737822
629	-0.620151406692056	1.09602913831375	-1.25424576614632	1.98224429092657	0.207577824043783
630	-0.328798364280382	0.454426388637256	-0.649631069658446	0.769130849503672	0.0870241083531409
631	-0.374384819825247	0.338658320736049	2.06988850666547	0.637405521813216	-0.675537475896334
632	-1.71910173266996	-0.266696489245053	-0.531474356032727	0.613190656931845	-1.2169793528945
633	-0.735446541603734	0.14773187918106	-0.227464475870784	1.18461530148152	-0.289873416933884
634	0.374478872694663	0.346071241922021	0.37654867068309	0.293979832514185	0.279871102431919
635	-0.197996202605088	0.376540640024258	0.947260344342182	1.02712297035606	1.62948083356741
636	1.69807733322279	-0.73629063036509	1.44678745935366	-0.54968957828096	0.586861660326474
637	0.276040621292662	-1.29326931623481	-0.860131263346313	-0.0673912735177572	-0.358842541422783
638	-3.49153340493374	-1.7202301580648	1.42630757561254	0.468670711472587	-0.0104270716115204
639	-0.0203853429724847	-0.603351415244842	-0.831051868600922	-1.11172650900765	-0.393599637022046
640	1.34650835228585	0.665134151211975	0.645311897260224	0.167805349917068	0.616047259946411
641	-0.388104345347753	1.00631920651228	-1.54567479253911	0.0510736204466136	0.683737423925033
642	2.48729387444037	-1.52090967847096	0.961936838120821	0.000454107355169014	0.835565400483365
643	-1.23024423881535	-1.64071430062936	1.44210131567459	-0.285668608387802	-0.552854299194541
644	-0.33407452279946	0.139563630010043	1.09854018571319	0.103207866391448	-0.565556279833958
645	0.00383134306194094	-0.833840297758803	-0.604296845120157	-0.155791243285552	-0.146753727901859
646	0.658128078203572	-1.86028874068689	-0.41727254450776	0.744066451808153	-0.344193515613404
647	1.58830904955512	0.1627834562677	0.070186581733908	-0.791320216982165	0.251553406625053
648	1.95807677363131	-0.825470379092364	0.974550932292208	-0.243914851292841	0.404371938181119
649	0.120294426090067	0.843241017967813	1.57654535801597	-0.00991970918830623	0.583116847223602
650	0.256817752870568	-0.765139673700022	-1.24997997802959	0.0791980916199456	-0.786580224351983
651	-0.042103240323106	0.704368933302632	-0.350104271478201	-0.166632496132151	0.568191776327186
652	-0.166566908909669	0.53161635660289	-0.108769751130868	0.316893517302684	-0.780644418305182
653	-0.746542773437877	-2.55393408122513	-0.38201395406839	0.431048194517937	-0.114657132233934
654	0.325019414874293	0.713964145802638	0.143128078702687	0.508876352738718	-0.247863415291477
655	0.535682707347833	-0.251182838852197	-0.552552221480587	-0.175171006273854	1.09412346977544
656	-0.0406006186564957	-2.03327214445629	1.11020090594698	-0.0585384393424805	0.073527669072171
657	0.754948024339351	-2.22912910199044	1.18895056753123	-1.06052381122271	0.738961690197708
658	0.419589187631112	1.3073563251705	0.500943576372663	0.389402244009164	0.0397643287679555
659	2.52715568894457	-1.25491982555124	1.10186918621771	-0.837409292342622	-0.133392731474523
660	0.475122047168233	-1.45038437713095	0.285888947424742	0.226151678488354	0.479230929436002
661	1.02413498786315	-1.47157654170442	-0.358729520759789	0.27821866040411	-0.567118632696912
662	0.208329628753848	-0.364215072411204	-1.68859694425175	-0.0212457231952846	-0.339126826135122
663	0.591493937487788	-0.374003180355422	-0.147269994709717	1.05782686711048	-0.0746496164770205
664	0.15563864960331	0.954924444080445	0.165573329684613	0.379942778759565	0.212984087638924
665	1.24026385863761	-1.35344736157904	1.78603946643943	0.745332073030186	-0.425949217060058
666	-2.53282433079037	0.773157571751123	0.24950189162616	1.94054005913438	-0.392927972930441
667	-0.779458373242622	-2.0681753468364	-1.09512789659288	-0.0627125755025169	0.270092538572546
668	1.37462015306563	-1.40850330342957	-0.899195679802501	1.74455865537389	0.919957027898198
669	-0.128864887151948	-2.54287602579017	0.102322723146686	0.187933362055431	2.07691707569884
670	-0.283679842876101	-1.34728497268994	2.00856594102216	3.38915291331396	0.937924503922692
671	0.810232515327455	-0.135428943824587	-1.94756582815085	0.331175470494636	0.698968317924874
672	0.182296097042714	0.150985347615786	0.536647327868062	0.0280956198613473	1.74544390248473
673	0.138076464397799	-2.46941483887279	-0.0146217384654699	1.91862419370578	-0.140234754246982
674	-1.40875397157535	0.244985803310576	2.39844838792354	0.832937973964601	-0.996295996023213
675	0.316267091595587	0.520412846975316	0.732289880302864	0.526515855216123	-0.159703522111911
676	-0.300177531673518	-0.508776589891618	-0.223036452073027	-0.751453726011541	-1.03529091608156
677	1.04459892604504	-1.44441804562951	-1.13204427874037	1.23601994720751	-0.324940216387908
678	1.99373595112346	-2.50591056645786	-0.806071294005129	1.51552128226142	0.227222926985078
679	1.29150599724199	-0.797840334318627	-0.783000375857227	-0.289914457437307	-0.437506768011585
680	0.454165425181664	1.21548105716459	0.0545291145319396	0.187463352795748	0.526282613399044
681	2.07438421887942	-3.3929643656186	-0.263516863300205	2.0603356557028	0.508116256692771
682	0.564810727775244	0.702747306091255	0.795807633240213	-0.0906838788066825	-0.115915230548632
683	3.05263650060767	-4.61553074946253	-0.616702686179244	4.0533862481858	0.969744607430201
684	0.708016906141155	-0.473813532836694	0.394523950616243	0.550170321837049	-0.564524219750917
685	-0.137925292410039	0.829160519138826	-1.00292768930652	0.423275619396371	0.0795490908875875
686	2.99483796616829	-5.13512815966417	-1.67966566039117	1.75644837987621	1.21145434231289
